[
  {
    "type": "heading",
    "defaultValue": "Skagen Watchface Einstellungen"
  },
  {
    "type": "color",
    "messageKey": "BG_COLOR",
    "defaultValue": "#000000",
    "label": "Hintergrundfarbe"
  },
  {
    "type": "color",
    "messageKey": "TIME_COLOR",
    "defaultValue": "#FFFFFF",
    "label": "Uhrzeit-Farbe"
  },
  {
    "type": "color",
    "messageKey": "WEATHER_COLOR",
    "defaultValue": "#FFFFFF",
    "label": "Wetter-Farbe"
  },
  {
    "type": "color",
    "messageKey": "DATE_COLOR",
    "defaultValue": "#FFFFFF",
    "label": "Datum-Farbe"
  },
  {
    "type": "color",
    "messageKey": "BATTERY_COLOR",
    "defaultValue": "#FFFFFF",
    "label": "Pebble-Batterie-Farbe"
  },
  {
    "type": "color",
    "messageKey": "PHONE_BATTERY_COLOR",
    "defaultValue": "#FFFFFF",
    "label": "Handy-Batterie-Farbe"
  },
  {
    "type": "color",
    "messageKey": "STEPBAR_COLOR",
    "defaultValue": "#FF0000",
    "label": "Stepbar-Farbe"
  },
  {
    "type": "toggle",
    "messageKey": "STEPBAR_VISIBLE",
    "label": "Stepbar anzeigen",
    "defaultValue": true
  }
] 