{
  "uuid": "3af819ac-eaec-421c-a232-c3871d2732ae",
  "shortName": "Skagen",
  "longName": "Skagen",
  "displayName": "Skagen",
  "companyName": "P-ta",
  "versionLabel": "1.0",
  "sdkVersion": "3",
  "targetPlatforms": ["basalt", "chalk"],
  "watchapp": {
    "watchface": true
  },
  "capabilities": ["health"],
  "appKeys": {
    "TEMPERATURE": 0,
    "CONDITIONS": 1,
    "PHONE_BATTERY": 2,
    "BG_COLOR": 3,
    "TIME_COLOR": 4,
    "WEATHER_COLOR": 5,
    "DATE_COLOR": 6,
    "BATTERY_COLOR": 7,
    "PHONE_BATTERY_COLOR": 8,
    "STEPBAR_COLOR": 9,
    "STEPBAR_VISIBLE": 10,
    "STEPBAR_BG_COLOR": 11,
    "NIGHT_MODE": 12,
    "WEATHER_REQUEST": 13,
    "API_KEY": 14,
    "LOCATION_METHOD": 15,
    "MANUAL_LOCATION": 16,
    "PHONE_BATTERY_ENABLED": 17
  },
  "screenshots": [],
  "resources": {
    "media": [
      {
        "type": "font",
        "name": "SKAGEN_REGULAR_24",
        "file": "skagen_regular.ttf"
      },
      {
        "type": "font",
        "name": "SKAGEN_REGULAR_42",
        "file": "skagen_regular.ttf"
      },
      {
        "type": "font",
        "name": "SKAGEN_REGULAR_18",
        "file": "skagen_regular.ttf"
      },
      {
        "type": "font",
        "name": "SKAGEN_REGULAR_14",
        "file": "skagen_regular.ttf"
      },
      { "type": "png", "name": "ICON_CLOUD", "file": "icon_cloud.png" },
      { "type": "png", "name": "ICON_SUN", "file": "icon_sun.png" },
      { "type": "png", "name": "ICON_RAIN", "file": "icon_rain.png" },
      { "type": "png", "name": "ICON_SNOW", "file": "icon_snow.png" },
      { "type": "png", "name": "ICON_FOG", "file": "icon_fog.png" }
    ]
  },
  "configurable": true
}
